{
    "meta": {
        "format": 2,
        "version": "7.5.3",
        "timestamp": "2024-12-16T13:52:55.197733",
        "branch_coverage": true,
        "show_contexts": false
    },
    "files": {
        "nrt_time_utils\\time_utils.py": {
            "executed_lines": [
                1,
                3,
                4,
                6,
                8,
                10,
                11,
                12,
                13,
                14,
                15,
                16,
                17,
                18,
                19,
                21,
                22,
                24,
                25,
                26,
                27,
                30,
                32,
                33,
                36,
                38,
                39,
                41,
                44,
                45,
                46,
                48,
                52,
                53,
                56,
                58,
                59,
                60,
                62,
                64,
                65,
                66,
                68,
                69,
                70,
                72,
                73,
                74,
                75,
                76,
                78,
                79,
                80,
                81,
                82,
                84,
                85,
                86,
                88,
                89,
                91,
                92,
                93,
                94,
                96,
                97,
                98,
                100,
                101,
                103,
                104,
                105,
                107,
                109,
                111,
                112,
                113,
                115,
                116,
                117,
                119,
                120,
                121,
                122,
                123,
                124,
                126,
                128,
                129,
                130,
                131,
                133,
                134,
                135
            ],
            "summary": {
                "covered_lines": 94,
                "num_statements": 95,
                "percent_covered": 97.81021897810218,
                "percent_covered_display": "98",
                "missing_lines": 1,
                "excluded_lines": 0,
                "num_branches": 42,
                "num_partial_branches": 2,
                "covered_branches": 40,
                "missing_branches": 2
            },
            "missing_lines": [
                137
            ],
            "excluded_lines": [],
            "executed_branches": [
                [
                    33,
                    32
                ],
                [
                    33,
                    33
                ],
                [
                    33,
                    38
                ],
                [
                    39,
                    38
                ],
                [
                    39,
                    39
                ],
                [
                    39,
                    44
                ],
                [
                    45,
                    44
                ],
                [
                    45,
                    52
                ],
                [
                    53,
                    52
                ],
                [
                    53,
                    53
                ],
                [
                    53,
                    64
                ],
                [
                    58,
                    59
                ],
                [
                    58,
                    62
                ],
                [
                    65,
                    64
                ],
                [
                    65,
                    68
                ],
                [
                    69,
                    68
                ],
                [
                    69,
                    72
                ],
                [
                    73,
                    72
                ],
                [
                    73,
                    78
                ],
                [
                    79,
                    78
                ],
                [
                    79,
                    84
                ],
                [
                    85,
                    84
                ],
                [
                    85,
                    96
                ],
                [
                    88,
                    89
                ],
                [
                    88,
                    91
                ],
                [
                    97,
                    96
                ],
                [
                    97,
                    111
                ],
                [
                    100,
                    101
                ],
                [
                    100,
                    103
                ],
                [
                    103,
                    104
                ],
                [
                    103,
                    107
                ],
                [
                    104,
                    103
                ],
                [
                    104,
                    105
                ],
                [
                    112,
                    111
                ],
                [
                    112,
                    115
                ],
                [
                    116,
                    115
                ],
                [
                    116,
                    119
                ],
                [
                    120,
                    119
                ],
                [
                    120,
                    128
                ],
                [
                    129,
                    -30
                ],
                [
                    129,
                    128
                ],
                [
                    133,
                    134
                ],
                [
                    134,
                    135
                ]
            ],
            "missing_branches": [
                [
                    133,
                    137
                ],
                [
                    134,
                    133
                ]
            ]
        },