{
    "meta": {
        "format": 2,
        "version": "7.5.3",
        "timestamp": "2025-11-07T13:10:52.285413",
        "branch_coverage": true,
        "show_contexts": false
    },
    "files": {
        "nrt_time_utils\\time_utils.py": {
            "executed_lines": [
                1,
                3,
                4,
                6,
                8,
                10,
                11,
                12,
                13,
                14,
                15,
                16,
                17,
                18,
                19,
                21,
                22,
                24,
                25,
                26,
                27,
                30,
                32,
                33,
                36,
                38,
                39,
                41,
                43,
                44,
                45,
                47,
                49,
                50,
                52,
                54,
                55,
                56,
                58,
                60,
                61,
                62,
                64,
                65,
                66,
                68,
                69,
                70,
                71,
                72,
                74,
                75,
                76,
                77,
                78,
                80,
                81,
                82,
                84,
                85,
                87,
                88,
                89,
                90,
                92,
                93,
                94,
                96,
                97,
                99,
                100,
                101,
                103,
                105,
                107,
                108,
                109,
                111,
                112,
                113,
                115,
                116,
                117,
                118,
                119,
                120,
                122,
                124,
                125,
                126,
                127,
                129,
                130,
                131
            ],
            "summary": {
                "covered_lines": 94,
                "num_statements": 95,
                "percent_covered": 97.81021897810218,
                "percent_covered_display": "98",
                "missing_lines": 1,
                "excluded_lines": 0,
                "num_branches": 42,
                "num_partial_branches": 2,
                "covered_branches": 40,
                "missing_branches": 2
            },
            "missing_lines": [
                133
            ],
            "excluded_lines": [],
            "executed_branches": [
                [
                    33,
                    32
                ],
                [
                    33,
                    33
                ],
                [
                    33,
                    38
                ],
                [
                    39,
                    38
                ],
                [
                    39,
                    39
                ],
                [
                    39,
                    43
                ],
                [
                    44,
                    43
                ],
                [
                    44,
                    49
                ],
                [
                    50,
                    49
                ],
                [
                    50,
                    60
                ],
                [
                    54,
                    55
                ],
                [
                    54,
                    58
                ],
                [
                    61,
                    60
                ],
                [
                    61,
                    64
                ],
                [
                    65,
                    64
                ],
                [
                    65,
                    68
                ],
                [
                    69,
                    68
                ],
                [
                    69,
                    74
                ],
                [
                    75,
                    74
                ],
                [
                    75,
                    80
                ],
                [
                    81,
                    80
                ],
                [
                    81,
                    92
                ],
                [
                    84,
                    85
                ],
                [
                    84,
                    87
                ],
                [
                    93,
                    92
                ],
                [
                    93,
                    107
                ],
                [
                    96,
                    97
                ],
                [
                    96,
                    99
                ],
                [
                    99,
                    100
                ],
                [
                    99,
                    103
                ],
                [
                    100,
                    99
                ],
                [
                    100,
                    101
                ],
                [
                    108,
                    107
                ],
                [
                    108,
                    111
                ],
                [
                    112,
                    111
                ],
                [
                    112,
                    115
                ],
                [
                    116,
                    115
                ],
                [
                    116,
                    124
                ],
                [
                    125,
                    -30
                ],
                [
                    125,
                    124
                ],
                [
                    129,
                    130
                ],
                [
                    130,
                    131
                ]
            ],
            "missing_branches": [
                [
                    129,
                    133
                ],
                [
                    130,
                    129
                ]
            ]
        },